gross_revenue,net_revenue,boxes,unique_clients_per_year,mean_ticket_paid_marketing,mean_ticket_referral
6134328,5295828,156289,35851,42.07634852719313,39.82181776025968
11505225,10161460,291647,54865,41.34708927116143,39.619903157658584
12019567,10611613,292778,51643,42.03988128794197,40.72822053366319
